<?xml version="1.0" encoding="UTF-8"?>
<assembly>
	<id>alibaba-rocketmq-client-java</id>
	<baseDirectory>alibaba-rocketmq-client-java</baseDirectory>
	<formats>
		<format>dir</format>
		<format>tar.gz</format>
	</formats>
	<fileSets>
		<fileSet>
			<includes>
				<include>LICENSE.txt</include>
			</includes>
		</fileSet>
	</fileSets>


	<moduleSets>
		<moduleSet>
			<includes>
				<include>com.alibaba.rocketmq:rocketmq-client</include>
			</includes>
			<binaries>
				<outputDirectory>./</outputDirectory>
				<unpack>false</unpack>
				<dependencySets>
					<dependencySet>
						<outputDirectory>./</outputDirectory>
					</dependencySet>
				</dependencySets>
			</binaries>
		</moduleSet>
	</moduleSets>
</assembly>
